=== ファイル移動開始 ===
開始時刻: Sat Oct 11 18:02:03 JST 2025
MOVED: getting-started/installation.md -> for-users/getting-started/installation.md
MOVED: getting-started/quick-start.md -> for-users/getting-started/quick-start.md
MOVED: getting-started/first-steps.md -> for-users/getting-started/first-steps.md
MOVED: getting-started/pricing.md -> for-users/getting-started/pricing.md
MOVED: getting-started/README.md -> for-users/getting-started/README.md
MOVED: user-guide/configuration/global-settings.md -> for-users/configuration/global-settings.md
MOVED: user-guide/configuration/mcp-configuration.md -> for-users/configuration/mcp-configuration.md
MOVED: user-guide/configuration/examples.md -> for-users/configuration/examples.md
MOVED: user-guide/configuration/environment-variables.md -> for-users/configuration/environment-variables.md
MOVED: user-guide/configuration/agent-configuration.md -> for-users/configuration/agent-configuration.md
MOVED: user-guide/configuration/overview.md -> for-users/configuration/overview.md
MOVED: user-guide/configuration/priority-rules.md -> for-users/configuration/priority-rules.md
MOVED: user-guide/configuration/README.md -> for-users/configuration/README.md
MOVED: user-guide/features/checkpoints.md -> for-users/features/checkpoints.md
MOVED: user-guide/features/ssh-remote.md -> for-users/features/ssh-remote.md
MOVED: user-guide/features/autocomplete.md -> for-users/features/autocomplete.md
MOVED: user-guide/features/agents.md -> for-users/features/agents.md
MOVED: user-guide/features/experimental.md -> for-users/features/experimental.md
MOVED: user-guide/features/README.md -> for-users/features/README.md
MOVED: user-guide/features/chat.md -> for-users/features/chat.md
MOVED: user-guide/features/keyboard-shortcuts.md -> for-users/features/keyboard-shortcuts.md
MOVED: user-guide/best-practices/security.md -> for-users/best-practices/security.md
MOVED: user-guide/best-practices/configuration.md -> for-users/best-practices/configuration.md
MOVED: user-guide/best-practices/README.md -> for-users/best-practices/README.md
MOVED: user-guide/best-practices/performance.md -> for-users/best-practices/performance.md
MOVED: user-guide/troubleshooting/faq.md -> for-users/troubleshooting/faq.md
MOVED: user-guide/troubleshooting/common-issues.md -> for-users/troubleshooting/common-issues.md
MOVED: user-guide/troubleshooting/README.md -> for-users/troubleshooting/README.md
MOVED: user-guide/enterprise-deployment.md -> for-users/deployment/enterprise-deployment.md
MOVED: reference/settings-reference.md -> for-users/reference/settings-reference.md
MOVED: reference/supported-environments.md -> for-users/reference/supported-environments.md
MOVED: reference/README.md -> for-users/reference/README.md
MOVED: reference/configuration-file-locations.md -> for-users/reference/configuration-file-locations.md
MOVED: reference/commands.md -> for-users/reference/commands.md
MOVED: reference/glossary.md -> for-users/reference/glossary.md
MOVED: developer-guide/contributing/pull-request-guide.md -> for-developers/contributing/pull-request-guide.md
MOVED: developer-guide/contributing/development-setup.md -> for-developers/contributing/development-setup.md
MOVED: developer-guide/contributing/README.md -> for-developers/contributing/README.md
MOVED: developer-guide/architecture/configuration-system.md -> for-developers/architecture/configuration-system.md
MOVED: developer-guide/architecture/source-code-structure.md -> for-developers/architecture/source-code-structure.md
MOVED: developer-guide/architecture/overview.md -> for-developers/architecture/overview.md
MOVED: developer-guide/architecture/code-statistics.md -> for-developers/architecture/code-statistics.md
MOVED: developer-guide/architecture/README.md -> for-developers/architecture/README.md
MOVED: developer-guide/README.md -> for-developers/README.md
MOVED: updates/migration-guides.md -> for-community/updates/migration-guides.md
MOVED: updates/README.md -> for-community/updates/README.md
MOVED: updates/changelog.md -> for-community/updates/changelog.md
MOVED: updates/version-history-v1.13-v1.17.md -> for-community/updates/version-history-v1.13-v1.17.md
MOVED: updates/roadmap.md -> for-community/updates/roadmap.md
MOVED: community/showcase.md -> for-community/community/showcase.md
MOVED: community/README.md -> for-community/community/README.md
MOVED: community/resources.md -> for-community/community/resources.md
MOVED: community/contributing.md -> for-community/community/contributing.md
MOVED: analysis/roadmap-analysis-20251008.md -> for-community/analysis/roadmap-analysis-20251008.md
MOVED: analysis/source-code-structure.md -> for-community/analysis/source-code-structure.md
MOVED: analysis/source-code-scale-analysis.md -> for-community/analysis/source-code-scale-analysis.md
MOVED: CONTRIBUTING.md -> meta/CONTRIBUTING.md
MOVED: QUALITY_ASSURANCE.md -> meta/QUALITY_ASSURANCE.md
MOVED: IMPLEMENTATION_VERIFICATION_CHECKLIST.md -> meta/IMPLEMENTATION_VERIFICATION_CHECKLIST.md
MOVED: VERIFICATION_CHECKLIST.md -> meta/VERIFICATION_CHECKLIST.md
=== ファイル移動完了 ===
完了時刻: Sat Oct 11 18:02:04 JST 2025
